{
  "num_epochs": 25,
  "best_val_loss": 0.5021422155525374,
  "test_loss": 0.5369551194750745,
  "test_acc": 0.7038321484307265,
  "train_losses": [
    3.03412695236394,
    1.407790667905009,
    0.9390564999850513,
    0.7620638745465302,
    0.6666649361989768,
    0.6017064777354302,
    0.5536167852103416,
    0.514681603741176,
    0.48414612308217975,
    0.45635492952880014,
    0.4338556241812964,
    0.4156627403251056,
    0.3987932185380917,
    0.3779122905044133,
    0.36945707009637296,
    0.3489662366621013,
    0.3397988631513906,
    0.32703251835747893,
    0.31868535195812214,
    0.3068992937066285,
    0.29848770547676556,
    0.28885626444235224,
    0.2838785043857955,
    0.2749897420332937,
    0.2680919647510416
  ],
  "val_losses": [
    1.8724655897721,
    1.1411457865134529,
    0.8399158664371656,
    0.7145808831505154,
    0.6545690634976262,
    0.6162974212480627,
    0.5913254074428392,
    0.5491809624692668,
    0.5426127366397692,
    0.5463712928087815,
    0.5534980374833812,
    0.5120427193848983,
    0.5372937088427336,
    0.5228037821209949,
    0.5075150145136792,
    0.5280460818954136,
    0.5219751065192015,
    0.5039503665074058,
    0.5021422155525374,
    0.5292748536752618,
    0.5168226775915726,
    0.5195127518280692,
    0.5236492817816527,
    0.5187726733477219,
    0.5276418017304462
  ],
  "char_list": [
    "!",
    "#",
    "&",
    "(",
    ")",
    "*",
    "+",
    ",",
    "-",
    ".",
    "/",
    "0",
    "1",
    "2",
    "3",
    "4",
    "5",
    "6",
    "7",
    "8",
    "9",
    ":",
    ";",
    "?",
    "A",
    "B",
    "C",
    "D",
    "E",
    "F",
    "G",
    "H",
    "I",
    "J",
    "K",
    "L",
    "M",
    "N",
    "O",
    "P",
    "Q",
    "R",
    "S",
    "T",
    "U",
    "V",
    "W",
    "X",
    "Y",
    "Z",
    "a",
    "b",
    "c",
    "d",
    "e",
    "f",
    "g",
    "h",
    "i",
    "j",
    "k",
    "l",
    "m",
    "n",
    "o",
    "p",
    "q",
    "r",
    "s",
    "t",
    "u",
    "v",
    "w",
    "x",
    "y",
    "z"
  ],
  "duration_seconds": 1269
}