{
  "num_epochs": 60,
  "best_val_loss": 0.4929461401441823,
  "test_loss": 0.8197878884232562,
  "test_acc": 0.6972429339344547,
  "train_losses": [
    2.973480547002971,
    1.4225699353981487,
    0.9651973018505303,
    0.7701252072021879,
    0.6595784057977752,
    0.5852058341203652,
    0.5303841957024166,
    0.48748362409363827,
    0.4487288942184354,
    0.4183060645029463,
    0.3890932852705124,
    0.36411394410092257,
    0.34037969727527917,
    0.32058821996591363,
    0.3006586156088143,
    0.28411977811546746,
    0.26856132119600407,
    0.2535213715043561,
    0.23834555069434232,
    0.22583716296650505,
    0.21646417956340488,
    0.20712203585675784,
    0.1646995873470318,
    0.14990982029752192,
    0.141635620847271,
    0.13522498658284765,
    0.12962397677924833,
    0.12538702779545866,
    0.10543207539786846,
    0.09753276977522914,
    0.09465219214411792,
    0.09153713545133474,
    0.08831850990763145,
    0.08512185828696037,
    0.07560985001822558,
    0.0713842418778853,
    0.06948509157676562,
    0.06775078194885711,
    0.06552988761035826,
    0.06342203832538844,
    0.05929667372348273,
    0.05685079403295012,
    0.055716141861097274,
    0.055778065852343746,
    0.05427002105311367,
    0.052405079381696404,
    0.05077351308129544,
    0.04980034588060796,
    0.04899416698298871,
    0.048460071337560716,
    0.048018491510393585,
    0.04729731569956676,
    0.046224642682618694,
    0.04582711444534545,
    0.04520597447425567,
    0.044847068700278776,
    0.04470181180246798,
    0.04445874662106407,
    0.04364590870280718,
    0.043423008843522355
  ],
  "val_losses": [
    1.8663509306700334,
    1.0762742757797241,
    0.8709219046261,
    0.758148589859838,
    0.6722569180571515,
    0.6224563536436661,
    0.5880098394725634,
    0.5443824127964352,
    0.5734985587389573,
    0.5469153251336969,
    0.5341094382431196,
    0.5219644243302552,
    0.52795396162116,
    0.5173586244168489,
    0.5017471041368402,
    0.4929461401441823,
    0.5186991678631824,
    0.5058106158090674,
    0.5096168518066406,
    0.514667950246645,
    0.544317136640134,
    0.5522131233111672,
    0.5304347153591074,
    0.5284274518489838,
    0.5439248557971872,
    0.5796027196490247,
    0.56687516881072,
    0.5853736180326213,
    0.5832710875117261,
    0.6209273578032203,
    0.593982572140901,
    0.6118626840736555,
    0.6296120370211808,
    0.632513305415278,
    0.6684866236603778,
    0.6318999217904132,
    0.6635329788145812,
    0.7005219109680342,
    0.6904916439367377,
    0.6987504576859267,
    0.6887030705161716,
    0.7012580205564913,
    0.7172754847485087,
    0.6981394783310269,
    0.7005445782257163,
    0.733659117118172,
    0.7459925419610479,
    0.7473530251046886,
    0.7244991180689438,
    0.7511941285237022,
    0.7260582187901372,
    0.7410065764966218,
    0.7489996293316716,
    0.756705862024556,
    0.7594622762306876,
    0.7544494478598885,
    0.7911084397979404,
    0.7759220004081726,
    0.7627895059792892,
    0.7933925558691439
  ],
  "char_list": [
    "!",
    "#",
    "&",
    "(",
    ")",
    "*",
    "+",
    ",",
    "-",
    ".",
    "/",
    "0",
    "1",
    "2",
    "3",
    "4",
    "5",
    "6",
    "7",
    "8",
    "9",
    ":",
    ";",
    "?",
    "A",
    "B",
    "C",
    "D",
    "E",
    "F",
    "G",
    "H",
    "I",
    "J",
    "K",
    "L",
    "M",
    "N",
    "O",
    "P",
    "Q",
    "R",
    "S",
    "T",
    "U",
    "V",
    "W",
    "X",
    "Y",
    "Z",
    "a",
    "b",
    "c",
    "d",
    "e",
    "f",
    "g",
    "h",
    "i",
    "j",
    "k",
    "l",
    "m",
    "n",
    "o",
    "p",
    "q",
    "r",
    "s",
    "t",
    "u",
    "v",
    "w",
    "x",
    "y",
    "z"
  ],
  "duration_seconds": 3328
}